{
  "name": "Allen-Cahn",
  "l2_error": 0.9998764395713806,
  "linf_error": 0.5923120975494385,
  "training_time": 2351.010098695755
}