{
  "name": "Semilinear Poisson",
  "l2_error": 1.0028012990951538,
  "linf_error": 0.8240547180175781,
  "training_time": 1552.5910153388977
}