{
  "Semilinear Poisson": {
    "l2_error": 1.0028012990951538,
    "linf_error": 0.8240547180175781
  },
  "Ginzburg-Landau": {
    "l2_error": 1.1496366262435913,
    "linf_error": 1.3854130506515503
  },
  "Allen-Cahn": {
    "l2_error": 0.9998764395713806,
    "linf_error": 0.5923120975494385
  }
}