{
  "name": "Ginzburg-Landau",
  "l2_error": 1.1496366262435913,
  "linf_error": 1.3854130506515503,
  "training_time": 1554.196739435196
}